{"file_hashes":[{"block_hashes":["QwzfYviyjwpG+MSgoKE7qpHGDaOl3Iap3dvDbBu+jKY="],"block_size":4096,"path":"background.js"},{"block_hashes":["N3HhQBR7kgsOxfyymGcWx6OBwkvkeYSu8Rz1IVk8Yp4=","cm0g8o6DIS45FMskZRJUN2EQex8MO5T1oHgMJBTJpKM=","TC1vYeYDgJVrQb2c8pqPZ71i640Tq+5O4rqqMPhy6Sg="],"block_size":4096,"path":"baiduTemplate.js"},{"block_hashes":["uoI9xzZCF/P/lupE3cBeeA1sfUbexaxLagEZA9aGQ+E=","qikQUYmIL2n3YLeDQTeLpZpR11qWH/yWh8xfwcGmZ/8=","K1BoP64HK/TW13fTuU/hMz+qQ/T2AcDxxTzGBf6hBZ0=","svu7AtkLhA/gaSCxU909sJTF/mtcbPe1awSG83bzCck=","nInxr6aqg+SqhwFIne0X/DptiJ9q+3Zp7RnFoVeKeZ0=","FBHZ+ASUgJnHAWyT0oOt71LGbM9J6m3m6q+B5xUJPnA=","iQvCpnECh+gUtFG9jH9OWqCEO7GzGWdfQfKQxySJq0o=","jzYl2zUSyfKe0BLoOLp6SeycwNdvnzhbAfDyvndN8mw=","Qq/c5w0iNwAf4RSB9j5qAJhN14ZF7Cb4wq9vF2nk1vk=","tPzNjx9xTWSZlHiegnuxFI5hoEfTwcE8WQXYFcENTlg=","04nXEvLjxfUswr2kwiFcPS0XvUHW4OYJWBk7bBwwhUw=","EDuM8C06L3M07Qbgq/rHbflXYyXWp0+1hemlSgpX3f4=","jkxvMbdGGqhOlMEP7SB7gCS1UXujaFuFG4nJo5sZeFo=","gvQU5JlIQ4xZW/vVFfZ5vwu/3zuu0DF2ikODq+jWkAQ=","FdnlPKKSMsmjz1iOpB1wr79BC5Tr9QHHc+jbtXAdn0s=","DEXEIReArwpJGt5oY2g5lAyEdZLqM7rVxlKOUVit3do=","zwAioXNjJhaMVjEUsb0w7qWI7E97UK+M8xTCb+fFQlw=","u7auUbov3Jyb+eUFffQmxEE9nkgq4hmzLj2xFyEThZM=","yEDz9emilEI57OaBLKOUBSnxw4LIn7lwJZrOpZ8bvpo=","9GyhopHXpJHLh7m6MCBVX8sgZ+tN7cTqIYPZSuUyrYk=","gfERWQdF6lJCK9S9uFh8ha7jqACqCExceXjXimTJU64=","jC+gyZ2OfZ8I5jUSwBicABLkX8K2zRkEAWdiFWxvJ4o=","otPN8t9TDfP44cevPneHg9aSQwG12GTEuo9UzyrnZoU=","dRpEvBJn2wG00pZKf5Ap9FC8w1ldTW0ZBKd/yZO9GXY=","c0KwZF3jEU2W5Wq6O6EbxjKxmogEnQrSlEU/P3GTD64=","4sj910zW1irGGJoyAevjfflCM9yqCEQoDj8BfXHv3HE=","l/WQjRcHn2CDh6gRnlXudWJRzO4auyFY9iYjJj4+yBg=","FYCCmr2wKai6suK6ZBzzbCVv7EucRR+6dy+2QXXgjg0=","yorgmNIzGoNy0dzaN9zRNfk76Djl8BayYEpUPUl7jJY=","jG2qIHpAarE6aJXdQG8hzqfrh1IjZGv1TkYMCHlFKVQ=","9+Wz209Ks56p734nIU1TcwqpkD9ef8oIbTspTwrXV4M=","g0bQyK6UJ0nFSTZYR1cqrKS1id2WCCh5qBFE1vHDLR4=","Ce3zgoCfNEH/m7yztPHA9DBvwFkOlukSd6nb9CQcxuY=","mnnoFMUTxOiTxWyz1sWIZCzJxlsV34M/FvfjbPKQrdo=","vRlMblVFebilmbJ1/QVMD5GMwaW7S8WVCS7w/Om2VsY=","34LTXaLji/mpdA7QQEwEqqa7Mu87Xcdpk4/yZvQZbi0=","pTaDFvysi9NlxtKQVTq418UQePSDsQp+wn9lHaadCek=","aFZD1L4yFmdb2jNp9lPsGyjhEzzpMBnsOlVWO3sxMwA=","Ic0USQ/m3+RrTT+52bebL68FcQe9k7nU7tGNrMED/0s=","Vyto9+CFeccPivW0pJVmhqkDn7WxjA5IWSHvknozeg4=","I3SVodKltc+3b0AqZNcVLU+uAv5PAAyNjDj26K39uoE=","NECUMuBUSHPBlR0WHmira3ad8nLEA0zruu7ZdFxNvbM=","DXKRAt+5X9MGAGHJbBFcXuvagjM/mUig1Ssxu1euURQ="],"block_size":4096,"path":"jquery.js"},{"block_hashes":["hGUPUCt6xkGuKqAaVCA97FLW5UpLDUhL99UgEq9nU0c="],"block_size":4096,"path":"popup.html"},{"block_hashes":["y0FEQ8LkBh994rc9pFRIdcB/waUNNur5aBtQKrbnLy4="],"block_size":4096,"path":"script.js"}],"version":2}